,H3-H4-1 angle,DNA H3-H4-1 angle,DNA H3-H4-1 torsion
0.0,143.5090452560092,134.8371909019005,-29.745408884123616
1000.0,140.81622639425123,133.00608678873294,-13.656725159176796
2000.0,141.12858572993795,133.8373776304486,-13.17201461234635
3000.0,140.7301641570475,129.56078068247908,-19.462010011823452
4000.0,141.15888059607104,128.4658213617023,-2.764256635421234
5000.0,140.4627214185093,127.35029575699971,-19.81001390570437
6000.0,140.91763605865467,128.09954821127545,-14.057930189765116
7000.0,138.89403723867497,127.76449608567238,-17.02136476289235
8000.0,138.02168142468346,126.19362005674634,-19.112479242444877
9000.0,140.82345235927235,127.96485065357776,-12.084394381105326
10000.0,143.14155902654196,126.86250445065419,-9.441490229122438
11000.0,142.86678817334976,127.86213866673606,-21.460775056611222
12000.0,139.2892120647054,127.20659988278094,-24.581981127530515
13000.0,137.7591067468674,125.57610444436101,-11.451980487204642
14000.0,142.06747658157124,130.50722004978465,-19.916300021927814
15000.0,141.6069131498318,128.81170148472384,-4.471053573007984
16000.0,143.44880360701515,129.348524875484,-3.1751111530108647
17000.0,140.96440115444864,128.25556553764434,-15.724983093353709
18000.0,141.15289385996726,129.40716627678273,-18.057536360135405
19000.0,141.71686848804347,128.2141386196272,-32.82538582403432
20000.0,141.90838656043397,127.82882886670401,-31.479295367517018
21000.0,141.7028786575392,127.36217318935911,-10.803179334161793
22000.0,139.36082004865617,127.75248852200366,-14.18208495298494
23000.0,141.4450229446066,130.22406446316893,-16.640647705937976
24000.0,142.4613228719926,129.52694305886735,-24.084378824211253
25000.0,142.1679914211601,129.4443461857256,-18.02684406942922
26000.0,141.96454591054422,127.52594704869125,-27.68701691535423
27000.0,141.01171344145436,129.87947148979129,-16.09871818809804
28000.0,143.51835866871107,126.37438048199805,-26.43255803119864
29000.0,143.3478049314735,128.4933447009941,-33.97827016459135
30000.0,143.16603340378583,127.91380868180077,-7.059892985853498
31000.0,141.2137473067315,128.990436508785,-31.934882079755415
32000.0,142.96136527084855,125.76588940109659,-36.53929486486518
33000.0,142.17739880413893,129.79393915687652,-33.60703860193864
34000.0,141.1726356497855,127.96082011420317,-24.14762521596274
35000.0,141.7482039805861,127.1114825491778,-14.088143767431651
36000.0,142.78715924395968,128.08521540556143,-22.209871851720518
37000.0,142.2427983781133,129.47825125916626,0.07532826853689845
38000.0,144.49601945131843,129.82017717985363,-16.037482744873017
39000.0,141.6994019513616,129.68262049119681,-21.279985327399856
40000.0,141.19959373054763,127.39375447575053,-34.927409450902786
41000.0,139.9823454350007,126.80583980782004,-14.350897253493645
42000.0,142.04056930512942,126.06915456556317,-15.013234961609392
43000.0,140.84550400616996,128.3582507903909,-17.78221681523469
44000.0,141.0926720049136,131.78773362361164,-17.75718323079639
45000.0,141.79907527517514,130.8487315059675,-6.029414953709559
46000.0,140.4429885181651,129.12572185459157,-10.115259281254525
47000.0,142.22562712309423,130.55206177078318,-1.0620940719667775
48000.0,143.45274145613172,128.99792736781367,-6.963395803558201
49000.0,142.80595986373808,126.01723056311913,4.577870285554927
50000.0,141.87549147612413,122.28013183479644,14.99001586434389
51000.0,143.32037127067713,124.68030332165878,7.193587744557856
52000.0,141.1008081966255,126.78464491221064,17.85252933967466
53000.0,142.19576000509784,126.44005054898126,6.185228687438487
54000.0,140.59149512616014,129.31532681317137,6.91657528593917
55000.0,143.4032068424296,128.4492521824084,-5.303437362303104
56000.0,142.75863901261545,125.90732909545333,-8.963301332554318
57000.0,143.4698683749375,126.56098845654255,-5.213995773891451
58000.0,143.20798261594067,123.74541257102469,14.90384637024934
59000.0,141.81150748771765,125.44511086838845,11.56450569960722
60000.0,145.51683629124142,125.67443420354223,8.05268009842607
61000.0,141.56594849480996,123.95514676042474,6.46280594458913
62000.0,144.0027915182302,125.40179489499484,-6.470256905190716
63000.0,144.2126681405804,127.0419458040654,3.030566505209779
64000.0,141.4394761421935,123.94378305818114,-4.16679746150465
65000.0,141.0170508794158,125.1026677494986,26.35717030014196
66000.0,141.9120261077821,120.74655221668648,14.090135304717828
67000.0,143.3059504152884,125.5680724029555,13.382652149447845
68000.0,143.11511289531526,126.76981099650031,7.436574037335542
69000.0,143.84982845164382,124.52608460975297,22.102514683888458
70000.0,145.32926913968387,126.42316987499518,14.733149245943581
71000.0,142.67364560578054,124.0433324616544,17.026120167833252
72000.0,142.04268894236466,122.43839433750937,-3.881115981881399
73000.0,142.51477128155645,119.71872052482598,-1.9312497486935496
74000.0,141.6765186714429,118.24137625283481,6.953077236865472
75000.0,142.49791848370984,119.79066878839961,0.18442169257547403
76000.0,142.5252911605263,123.93100377039944,21.53369256887369
77000.0,141.82865872300573,120.49765466229535,-6.781596170545691
78000.0,140.49500851110062,121.36726155366176,9.759038056569281
79000.0,142.940526284663,124.97853191594699,6.835190377942296
80000.0,141.6310498515017,124.71304444948238,16.700578115234503
81000.0,142.14317366550347,125.49315750564382,1.5066449698413005
82000.0,141.79860607307393,123.6808736583135,3.2707152686320686
83000.0,143.88774012974324,125.2468649531696,-6.871391249589671
84000.0,142.960710327701,124.70915546737821,7.189213693245158
85000.0,140.9647263357197,122.97936257162708,-6.31239317781046
86000.0,142.3701721814737,123.20621880712338,8.384754979176444
87000.0,142.39162076733743,125.51795614853859,7.818533283376598
88000.0,141.57826165433806,125.2046671125233,2.152822813530093
89000.0,143.29462359751363,124.40734336072167,0.3572327991525948
90000.0,141.78387934637163,125.03226671991673,7.232407326910221
91000.0,142.44494614489832,123.13632750980025,4.4664719532892345
92000.0,141.77249885254514,123.11199420987401,6.206318699931255
93000.0,144.39029643543145,126.05251005474777,4.802448990101298
94000.0,140.07594311446255,122.53768356947573,20.693498161104888
95000.0,142.62633896260286,124.74461736888456,17.815219367923042
96000.0,143.28792440951676,125.07132585698375,4.202179621827885
97000.0,142.95677441859084,124.20629316205982,8.285058421084926
98000.0,143.34414284837018,124.93206067479812,7.768154149454625
99000.0,143.10504403405258,123.14615755800956,5.293721764683321
100000.0,143.58132144488013,124.32016219129538,5.686999669580473
101000.0,142.16628096678215,124.93701090278398,-16.637779772866978
102000.0,144.3811113321574,125.88972089722373,-1.3527780154965907
103000.0,144.40350832784787,126.26374275627813,-0.9835720926491052
104000.0,145.10337654455162,125.28675076047385,-2.632997738344544
105000.0,144.33698187882544,125.37646986198742,-9.860081428330112
106000.0,146.92809394301375,125.0103767191717,0.06512742854080786
107000.0,146.3802027830839,124.93697820875542,-7.160203962489733
108000.0,143.120669828954,124.59517700807272,12.150287105364383
109000.0,143.22133076380632,123.56938624437936,9.027691306154106
110000.0,144.06414364014273,125.9239454136645,6.745315993695068
111000.0,143.3157290806758,122.90523583834867,20.588662804660988
112000.0,144.24060546234833,125.75953339675725,9.12449318894174
113000.0,143.76896534044232,123.33088106032437,6.313408660843475
114000.0,142.65490994654465,122.19219567990515,3.5770475983755254
115000.0,144.70096357168683,125.24846164692008,6.534397249017957
116000.0,144.225238873019,123.92393926948161,-12.7190043704447
117000.0,143.31708695678415,122.25774832944631,1.810804311756178
118000.0,144.09647633996855,124.02268377603968,-2.2489292830439154
119000.0,143.3437242771127,127.17723628715224,18.975945282827464
120000.0,145.12112669172504,125.56519585899827,22.526154762963273
121000.0,145.49653257022408,127.9095992689273,20.941652569075778
122000.0,142.53375035883704,127.17779336192514,26.87026257623692
123000.0,141.95327318654057,126.23418757634977,9.508100677624693
124000.0,141.5299259535915,131.4799563855131,14.866348272115978
125000.0,144.16174933082095,129.69651881065482,9.757550173798533
126000.0,141.96542877869595,133.48521914219228,28.915219378687045
127000.0,142.8904717615229,124.743986965602,21.25281262588118
128000.0,142.3394710008481,130.7040732543528,16.192786765125614
129000.0,142.79840618244424,132.85318867251715,21.226544581184136
130000.0,142.6579242587627,131.06917539384864,24.466526163592007
131000.0,144.72103044842635,132.9355555970047,29.394811255632675
132000.0,145.00908096872203,131.00804298677915,40.19925817148
133000.0,142.5725473359628,121.9938227174385,22.94502611874749
134000.0,143.8141559461026,129.03459670582924,11.488011147812136
135000.0,142.1498279055492,129.25462379966592,20.151490281073514
136000.0,143.19629139268403,125.41276280760268,23.64024538720215
137000.0,143.3099864460815,128.6087070692063,22.047063562682943
138000.0,142.79430594307152,124.63986392026551,12.202091698958503
139000.0,145.2978109506201,125.22481228321652,13.68032982255407
140000.0,143.52027764960962,122.63495076199074,13.318786588031655
141000.0,143.731392361475,129.3587866104235,17.453791796484815
142000.0,144.98373351824105,127.90539721759335,14.781791816309658
143000.0,144.179349491883,124.93859974991088,14.478452565044016
144000.0,146.131369796322,131.85502340578188,18.782264231855525
145000.0,143.39419207723117,128.5841644563706,29.819114423343205
146000.0,142.80160047193758,128.3470852155738,11.250615872966348
147000.0,145.49187093327788,127.98585351692718,22.3164916265323
148000.0,145.72632249100607,120.41312400539937,12.083196218030837
149000.0,144.39015933606908,125.75782602487399,24.03031456908642
150000.0,142.331713140991,126.92943960766071,16.544928480022328
151000.0,142.58391435760677,127.80767300482472,25.65721762151675
152000.0,143.3917965848592,123.99963066613964,14.102098713585589
153000.0,144.18479160431278,121.4316920133136,34.13170123595424
154000.0,143.93363518454214,125.72139590902974,24.535507211652416
155000.0,146.82397395055986,127.90963728267131,30.007832709217652
156000.0,143.9706057217754,124.6720865653803,22.74472006517275
157000.0,143.84425221419565,124.80950197678285,30.968577949824823
158000.0,143.29442364595624,121.64031473166496,18.542939067921683
159000.0,144.4815262877521,126.21966106105407,21.872969400654306
160000.0,143.67936161037179,126.51882127650155,10.589121958355488
161000.0,144.81722730167553,128.6095974616784,14.7158363692832
162000.0,141.93224823697125,124.4526987806134,40.77537359880974
163000.0,143.78424675051266,126.12874720351074,23.510569985301483
164000.0,143.66365241145851,123.33667860333746,26.959850613425402
165000.0,144.83151302980912,124.08528748027109,27.90446601291285
166000.0,144.9488534962808,123.13177836275315,32.3642426723375
167000.0,142.70550808297466,122.65630587545485,17.279648642687814
168000.0,145.62273651882293,118.67900826703189,-3.2876429954300423
169000.0,143.04576117350788,121.06345089997528,8.52731663350993
170000.0,145.4708928072046,115.7665907501325,12.9512234289369
171000.0,140.16391433651336,117.05984904969304,19.019012279920826
172000.0,142.83516909776185,119.26587845494703,32.07329473130483
173000.0,141.4790658842154,120.95353002202081,15.678445593537333
174000.0,143.6519938848857,115.10185755379445,19.432840910094363
175000.0,141.6085242779522,118.02931176368664,29.97169676694572
176000.0,142.86819811627197,119.04616756522506,13.777223890687509
177000.0,141.78944098959656,119.7951695810374,35.772436679133165
178000.0,142.20598084316822,119.68080867843177,20.32930660244785
179000.0,142.46270780551723,120.20766313817741,17.933388407583976
180000.0,143.37893367379084,119.27329573360544,30.716014565475994
181000.0,144.6345661993275,118.4229867845287,25.40946844911385
182000.0,142.7517669930668,118.97964316354137,24.650213578744918
183000.0,143.9731286399297,119.6805089995179,29.784703784134685
184000.0,142.79364225844395,115.80059526823955,19.934730115893945
185000.0,143.77504934501044,117.81879847087448,32.91793436517586
186000.0,142.60086768817442,123.77342054376254,18.580623374780604
187000.0,141.9729609420261,118.54157569317243,30.584310326582248
188000.0,142.5893631934428,119.7398408989381,28.513127505650182
189000.0,143.15646701251382,123.11107953915564,26.216858424012745
190000.0,144.2379325276279,122.5448123568772,24.832882943208524
191000.0,143.23173172049073,124.02710089881455,29.31702557829419
192000.0,143.78195994740315,125.2254379102342,35.47794778286919
193000.0,147.56563543263397,125.9743500459304,16.33555131598867
194000.0,145.0959277993298,120.45982391103429,18.418961933986555
195000.0,143.99724830036794,122.12775784198548,17.342446209235444
196000.0,142.40862628187006,124.04839477192083,21.172300453244706
197000.0,144.26644798050978,122.7223934881183,10.73339770622247
198000.0,144.51366486092596,127.21786142703131,23.41120693926879
199000.0,142.60513159737178,127.16233420505066,18.468172466898807
200000.0,144.14122425559248,123.29377216117747,26.33434307569063
201000.0,145.04294991322723,124.80524692256375,14.1428438064205
202000.0,143.2353603207313,127.70754025528362,23.36910881025497
203000.0,145.83939641405564,124.06213135338804,7.768201088469023
204000.0,140.55505857524705,127.51382669318718,25.468268980380117
205000.0,143.3257582468466,126.00548306367335,20.142014478002906
206000.0,142.41823002296996,128.54041061041553,11.66687682053133
207000.0,142.5806749710878,129.5828405766574,23.71454087473717
208000.0,145.34450718875456,127.50399584078865,29.38435491799238
209000.0,141.07319328394146,127.88914402118462,13.402131887725941
210000.0,141.3156211516247,128.79912519717402,27.590236984799315
211000.0,143.06480592232268,124.25271989421167,35.76013693267666
212000.0,142.224988129315,124.97933051925322,17.317922693913644
213000.0,142.36208724830956,128.67018933232416,16.30293084738575
214000.0,141.5878746371011,130.84366900692288,22.41759332569751
215000.0,143.14094944100694,124.43908386446489,21.873297124499587
216000.0,142.55694566948952,124.71173069419231,17.24011149432607
217000.0,141.41332214474505,128.57854612872245,31.869554682434927
218000.0,142.11290023883132,126.02816105391376,30.973287513583454
219000.0,143.26414704702805,128.4543262667224,28.59953970211036
220000.0,141.07347044306883,125.92907669049254,23.042685722911393
221000.0,139.95480926205983,127.32529967574035,25.435344646315645
222000.0,141.54132584985177,128.98586817499213,30.209698908790283
223000.0,142.40895071172167,127.78089439119861,32.38137538568975
224000.0,141.35344991045844,124.76327506729153,32.00002884576913
225000.0,143.6633554003898,123.38908338639152,31.2582728444085
226000.0,142.65732858256015,121.80781313812798,26.24535148545598
227000.0,142.64926311614178,122.91844739321066,35.99355045028183
228000.0,143.3967907498507,128.08725967459907,12.847502324837432
229000.0,141.49397412616696,125.37595133478412,16.468196675388498
230000.0,140.96022533760782,126.14469553221929,34.89372757479427
231000.0,141.53661274079295,128.7842850686203,29.797070617486284
232000.0,141.9637967264549,126.73544697317377,21.07434290127799
233000.0,143.31655555361385,127.44237602768933,18.90562501226377
234000.0,141.21622709410426,120.54180591934875,29.84535003203256
235000.0,143.6511755219575,124.54360500190955,29.878948782206148
236000.0,145.13929151818974,121.73434968793737,22.666193669860846
237000.0,143.0148696553789,119.43513129884057,28.92173045134708
238000.0,141.63903683094216,119.81924003398463,8.266002262633888
239000.0,141.8449341055768,120.70025166929844,15.157737330126425
240000.0,143.05244333343657,127.28143873643302,18.30711374183265
241000.0,140.99537071315476,127.00068007489439,16.655268694569813
242000.0,143.7885328939278,124.84521520488701,6.555189120665358
243000.0,142.70173876409527,120.92324926679231,6.095740133715822
244000.0,143.27383856385038,122.29469669332117,10.842987411740296
245000.0,142.4709207733298,123.55843943253105,17.31066531209404
246000.0,142.69902457870788,120.50705288329918,17.965121063525807
247000.0,142.89020833184077,121.13313258771844,22.63410085708634
248000.0,140.97098643397902,121.37820194427304,16.808205157185686
249000.0,142.78563032162197,118.0687870354843,-0.772442045759529
250000.0,140.91702184082797,126.62923615252699,26.94554617476775
251000.0,142.9329908853881,127.47680649457934,32.423447141365415
252000.0,140.41849144448128,123.08248353296946,20.765610364852748
253000.0,141.16045072203835,126.50055216051831,25.31772160615085
254000.0,140.95787777213377,127.9954827080718,12.124146033254537
255000.0,142.2723005877769,129.56921202103658,27.205819472592786
256000.0,142.9938043515518,125.80125111993955,11.556639264517214
257000.0,142.43193235834417,122.74439547106121,12.56734417828889
258000.0,144.4905597509945,126.34387320438661,30.752317282051003
259000.0,143.89975033471418,124.78900593266276,17.758929765124936
260000.0,143.21908411116772,125.78125170162954,18.423125369703616
261000.0,141.0055051559985,127.090802492176,14.246109118036435
262000.0,142.87063198345348,122.7930278462347,7.17192484708097
263000.0,140.59842711178595,122.50866060403999,23.259126856630832
264000.0,141.41185883321887,127.45428052455532,20.939905803865116
265000.0,141.44172956096352,125.34859408457436,2.613430408116605
266000.0,139.0221433107514,126.25640180310116,19.58961524936125
267000.0,139.39086011844526,128.08137055360717,6.696485124194968
268000.0,141.76700705863132,123.27867594912173,33.633570313052225
269000.0,140.90503429396588,125.01500124552807,13.086954703243014
270000.0,140.10926217164368,126.56805031509207,17.675504156487094
271000.0,143.15067214184714,124.69880356855896,12.464407686833647
272000.0,144.86539640625858,125.52077448026213,26.877519057523948
273000.0,142.71457457657434,129.31252038224966,23.576434657792515
274000.0,144.47534639282307,130.77924312160533,27.59643503988792
275000.0,144.84870900198308,130.1462084971523,20.34151227469711
276000.0,142.8967031876331,128.76889860154458,27.255722242945442
277000.0,142.22541155015605,126.97963169986491,13.67227179395184
278000.0,144.3308013251447,126.11338360848202,10.884252480778223
279000.0,141.34046835876003,130.59763261471477,10.866647632782447
280000.0,143.49616510652805,126.03981436769294,30.625721499305246
281000.0,140.53005528307705,124.11286302311495,20.80010072534949
282000.0,142.1250705628683,124.21861948485459,24.437124408745074
283000.0,142.1523527071872,125.97927928645808,15.93227525694269
284000.0,143.72889490121207,125.71456818994486,13.215358357163785
285000.0,141.1646040788773,127.4333037988707,24.56964566731887
286000.0,142.85383706428362,126.00059387087121,16.10451972584398
287000.0,141.76724301485422,127.46201070799943,12.553078858819658
288000.0,143.56284347969478,127.0854403869072,17.85183633241413
289000.0,143.26175091827906,125.20865994392548,12.007714692960342
290000.0,143.52628243421216,127.04895985046998,21.66053869696033
291000.0,142.00219547172927,123.92854576218866,33.02956688558248
292000.0,143.5200010260281,124.06216468869393,29.208346427156027
293000.0,143.23116636876193,126.93613150330444,10.428313109369201
294000.0,142.10922005295552,124.46970366364428,24.41743498210426
295000.0,141.5352662482131,124.28203206962068,17.728905643240058
296000.0,145.36018001734766,127.36216148631325,21.015851025930118
297000.0,142.58912067293903,124.05939999909091,20.850065408821752
298000.0,145.05683796301415,126.93095413291327,12.608157240365706
299000.0,144.86873001919147,124.75659743717851,12.020516600599343
300000.0,145.08931865848413,126.2913772705772,12.519568943925597
301000.0,144.7168720128445,127.28055066615904,13.048636060454749
302000.0,142.82290967410478,124.3738912809135,14.571963546030785
303000.0,145.35838981588844,126.108974863024,9.191990764891514
304000.0,142.10572798953834,123.81509364286808,3.8411946072355136
305000.0,143.4040627525712,125.54030626456917,26.743396504954028
306000.0,142.71902970635944,124.00883688289625,8.459905530226479
307000.0,144.67765411718025,126.75472369076007,27.341478266051443
308000.0,144.6414867577824,125.4510249635341,29.729411384119686
309000.0,142.7612069845768,126.0525919468147,17.828052119293243
310000.0,143.84674542032377,126.95942221913386,23.090425912500407
311000.0,143.18448580310414,127.67472125792682,18.658565874171835
312000.0,144.86386900102192,128.05806430910326,6.83235124975336
313000.0,146.15323173041574,129.7097891949716,11.46307106487325
314000.0,142.7994695851741,130.03205240214243,26.76935199851156
315000.0,144.7303750416815,126.23360194739513,15.368591678597602
316000.0,145.57782005556408,129.37385772179783,25.28720858534624
317000.0,143.90713004622114,127.97555495075329,11.910439997962111
318000.0,142.421872159197,124.13122279981216,19.044544344181343
319000.0,144.6385854165332,127.11179139027743,25.417556153646757
320000.0,144.31848900120767,127.9579431884763,32.245024556953865
321000.0,142.9785307926928,127.18902775986369,9.60690016431592
322000.0,142.58323199294853,127.51440647266422,18.00243706618523
323000.0,143.6096846086279,126.3435628873525,20.158979902125765
324000.0,142.01775284190924,125.85480072984387,26.20481344945597
325000.0,143.55624231671277,129.44198408957527,11.284154725004749
326000.0,142.6659815102688,127.31561713469381,17.346062030767325
327000.0,145.33006886506865,129.58657622620035,14.195803401562372
328000.0,143.84641970322994,126.76672796219574,23.89670170701049
329000.0,142.12798459637756,125.33361075622203,11.74552720100874
330000.0,142.28324144566471,128.77226908778624,11.652423856420372
331000.0,143.6689715687314,127.72850219730685,31.946474712716235
332000.0,144.11769951444765,126.17304866707445,19.80896116577981
333000.0,145.05288687507883,128.113348394185,20.742707104346046
334000.0,143.02125538906412,124.01750176552883,26.173343458870786
335000.0,141.94297382580848,126.74419279902331,28.598370846253033
336000.0,141.89694312962212,127.87790787816229,17.248751837820706
337000.0,140.54169595394998,125.63771761317481,21.153355246378315
338000.0,143.18150012958534,127.24197814203073,5.729622624415566
339000.0,142.24198241328824,129.03353377060168,22.728468889135463
340000.0,145.1127939437148,128.50053171579057,12.119846875103448
341000.0,142.54922722436982,125.00773285935946,6.257123634859203
342000.0,142.74638368428614,125.53561816204693,17.236337764018206
343000.0,141.87908219215643,126.42870221500431,15.681045961428392
344000.0,142.97656591920324,126.57711255962923,11.819606803822937
345000.0,143.29651183333297,123.08990270310494,25.0090909045108
346000.0,143.19069656109943,127.9497098856514,21.087905263219394
347000.0,141.9737210955842,125.23975608164642,20.72058394873391
348000.0,142.05653052255653,128.4589369932976,12.225552710649042
349000.0,142.56103027308725,129.16019405049727,19.296474135250897
350000.0,143.5232590924866,127.08123699798121,27.98504644819217
351000.0,142.17442716843289,124.85612715806977,19.323124047885955
352000.0,141.71402879154152,129.70040114155398,8.461721908275248
353000.0,143.2594675342862,126.94617725958123,4.167034130550697
354000.0,142.07483953743593,127.39807759787163,-3.4884284136776484
355000.0,142.74870648651034,130.06508372585748,16.997219732023062
356000.0,142.70243911657627,127.03297597629265,11.78073139846057
357000.0,141.18370728627025,125.92258332461789,16.200574899240653
358000.0,142.05067719623105,126.62617957324764,11.387706755101075
359000.0,143.48104381668787,126.45012630592782,12.46364642625815
360000.0,140.17156765382435,126.00853248378964,12.158467298811166
361000.0,141.41435792021664,125.05641055559003,15.185800998060701
362000.0,142.16172529223144,126.64794493324183,7.3534713455966605
363000.0,141.1060794960336,126.14459105098315,6.83022919487297
364000.0,141.8673547729218,126.50510072769181,10.47792346476736
365000.0,143.33868961899623,128.19557834675538,-1.2747656934233098
366000.0,142.93818862919463,126.36793646244233,7.589175733723916
367000.0,141.8940095681911,128.87243123493127,1.2015538520720521
368000.0,140.48195048344516,124.70129440602807,20.696404491739823
369000.0,142.5376935707744,126.221720979371,2.2773340297920677
370000.0,141.8519353810147,127.85503537584292,2.769314158948157
371000.0,141.79771843556273,126.59404832602773,8.33058724099267
372000.0,142.1901242672676,125.4082145859901,-2.410988916200555
373000.0,144.1454212287716,126.14700389373755,-3.779805505266271
374000.0,144.5380725426488,126.5596996645609,1.4245752607869102
375000.0,140.5081893582231,127.71396152923992,14.875646886756769
376000.0,142.88394341522314,123.9091769304883,12.421187916437045
377000.0,142.34107347981384,122.51886230133394,-3.562416879335479
378000.0,141.89828202369677,123.77863844530108,0.655200136966341
379000.0,142.88832781922213,125.7549790483813,0.9261957235553905
380000.0,141.81472119213507,124.40458934121375,15.882958064849891
381000.0,143.74622893903668,125.98841436162371,-0.8606781589270788
382000.0,139.36777892137812,121.47235661390576,13.39493317361906
383000.0,142.19068790448617,121.75314329466553,11.537293962523485
384000.0,142.43619621277415,122.10943257819956,-7.611088671255446
385000.0,142.043587750448,123.04197623513328,19.862346434704104
386000.0,141.8212014677154,126.55636135697765,-11.933323447926334
387000.0,142.01940446439846,122.84381298204379,-1.323090675988565
388000.0,141.55258844379583,124.96266167914506,27.209869326131834
389000.0,143.00121912024778,126.73558423154451,11.484954612095494
390000.0,141.1278695780549,124.77015757074567,5.342521468908957
391000.0,142.34478019047307,125.43038774587242,10.249528078453674
392000.0,141.50685109093843,126.71078016544116,12.37558285108884
393000.0,140.01824871377067,127.54048193382768,28.08063160732915
394000.0,140.95737119603595,125.1458074534058,26.50837946209923
395000.0,140.85484178832004,124.40832933547921,0.22469283718000746
396000.0,142.79714352376223,127.47305300507415,3.792700558248341
397000.0,143.03225610343716,124.70206021889662,-2.1931431158534025
398000.0,142.67925629026928,125.10876170445042,5.990085284942066
399000.0,141.89381281063723,125.33137133689007,1.9939207741710694
400000.0,141.6424249709436,126.32582321771194,3.258264353255528
401000.0,140.13194703205286,124.93358568927245,15.187584942579493
402000.0,141.88302686057884,128.20035470593155,6.381539924960478
403000.0,142.8005511062417,124.39035232889637,7.0510674356787915
404000.0,141.55079539355134,121.75152314608148,1.5030594337959904
405000.0,142.04223399795765,123.9124692469776,20.288922094511882
406000.0,143.17166567015428,124.31449266601469,-4.7973417526838755
407000.0,142.21798053711575,124.69323105145207,12.758752464555752
408000.0,142.69696189253534,127.19499801836301,20.508723153957856
409000.0,141.33228738047754,127.08172519164789,11.771235168848923
410000.0,140.85083178893436,127.94618786953082,8.72895539391388
411000.0,137.912848646627,127.14090229925377,24.24200190710495
412000.0,138.24409096730156,125.18178717332218,19.98027660099408
413000.0,141.39234836497386,127.37275470492021,26.172303239715415
414000.0,143.17694264628457,126.37172249912632,5.25849900413658
415000.0,141.27522683649872,128.305999349238,12.482765490773277
416000.0,141.05063493947637,127.72019810716802,17.586245956118773
417000.0,140.75514757270346,126.59729719338593,7.075846347756572
418000.0,142.51468000289825,125.64796755204436,15.234611943441815
419000.0,141.47435497582006,126.58350987933098,11.49300114632382
420000.0,142.01444528166712,126.83708764238544,10.51925809839779
421000.0,143.17725939899128,124.8830187978804,3.180110929153186
422000.0,142.25552635377738,123.4966915653673,6.0193657091912245
423000.0,140.33454546182742,125.09999703689455,12.350905601802761
424000.0,142.37265858004685,124.60405359769902,9.266500562254922
425000.0,140.84904449421498,129.7109600771985,29.05317216272056
426000.0,141.19562023054343,124.20256032255494,4.481413909091162
427000.0,142.41291542990948,125.16377612742728,6.195977047095933
428000.0,141.97098330796572,124.81393637310103,14.747111724671834
429000.0,140.69597013275813,123.22178038996095,15.242433135110575
430000.0,141.9381489399212,126.19553884993721,13.725561303307927
431000.0,143.98539015812597,125.83339383340977,3.656148372523981
432000.0,142.8348372810952,126.85167186973986,14.992016574132373
433000.0,143.05173477284467,126.71558627126936,10.370464148434788
434000.0,140.59818972417176,124.92103798985879,8.622244728037709
435000.0,142.8334276992671,125.4612440170455,12.57989247429803
436000.0,139.95710665762817,126.1281222850623,4.3581900810658825
437000.0,143.54848528289375,127.60205196582903,5.854478547929856
438000.0,139.36579808304668,124.58970753343115,14.45669898209322
439000.0,142.08886604116438,126.6974169691359,6.702653983241094
440000.0,142.01047631784166,126.81493680744782,4.263989476626935
441000.0,141.57207692860513,124.75617419345703,6.9237701128008515
442000.0,142.8873971790493,126.11780605148071,17.601878608552536
443000.0,141.3395499994086,124.83691622006751,9.530347969065243
444000.0,142.57596649281342,127.39408592862613,1.6538373167424603
445000.0,141.80614751634818,125.70009456737924,0.7992859643696513
446000.0,142.04647115699711,122.71891375414606,14.864849103480102
447000.0,143.02505157930887,127.11669955698741,17.26665157223492
448000.0,142.12730128515975,124.53526298692906,4.827362573598457
449000.0,142.39121390397568,125.90711509244711,13.58485769540082
450000.0,141.13562607571467,125.0901604710399,16.4123130608
451000.0,140.6255273844465,124.84046380559366,10.482920993288209
452000.0,139.85790547084966,123.7487691529128,11.769844129403578
453000.0,141.3483038951542,124.46561411549081,22.822277313267417
454000.0,142.58877231941506,126.59688726141233,9.1541804212207
455000.0,139.884790527407,126.96714774278917,4.737844124329888
456000.0,141.06998863562126,124.3883355176422,9.15593409263518
457000.0,143.43580099036402,125.55132533822926,9.961395893005228
458000.0,142.38450218027066,123.89471063880136,8.549815361771623
459000.0,140.78887910867616,124.26235757399456,9.72625449816978
460000.0,141.7040151837153,127.92806497146215,10.156876709560656
461000.0,140.9989306452292,122.44641217373818,9.767793808766871
462000.0,141.5779444387802,123.98680796057806,11.252837106773486
463000.0,143.22161365633883,125.79098070252803,18.232231682920037
464000.0,141.89510983137137,125.71794423816202,21.890807934342806
465000.0,143.67809473557912,127.01455183495305,16.897252630938684
466000.0,143.22111679992256,128.61123681375813,12.215893927036225
467000.0,144.76202404088423,126.59774363331789,14.281490599719131
468000.0,143.81203439871123,127.8566326512385,15.099015563496843
469000.0,143.44584843192294,124.61705025569798,18.6444767568096
470000.0,140.90181256715752,125.89163345626481,5.740118744908325
471000.0,142.07409770537953,123.45392101029555,0.6894294917465214
472000.0,140.18453840327072,126.31766240254336,4.531114555757613
473000.0,141.46429546861805,125.47231190280863,14.647223143823716
474000.0,143.31734930579177,127.95608484876699,25.00032997465009
475000.0,145.50389721588132,128.3004515109018,-0.6706069068494473
476000.0,145.09076972418322,127.58500333085712,-3.675151963050774
477000.0,143.07384848420259,125.25076238967455,18.036703414306736
478000.0,144.38290104119224,127.61127763085688,10.816585885824075
479000.0,144.14817032980008,131.43746708002564,33.116500602927815
480000.0,143.702660510268,129.5193388802435,24.46195831544285
481000.0,144.69641799591366,127.23757434621704,17.845528060310247
482000.0,143.7603282721211,124.60239079233227,13.277880358117537
483000.0,143.3083330286792,125.77147661952004,27.71928710571629
484000.0,144.20386479311992,126.77394517868288,17.417526282665456
485000.0,143.52091125202907,125.51992206651039,21.654438426877846
486000.0,144.08289854086078,128.21819125029222,15.078320827549291
487000.0,144.13617489335164,128.6924283173879,21.534606971011115
488000.0,140.83819900433878,122.57588307673214,18.594087777305955
489000.0,142.9345043626717,124.56465861650578,4.911957672960979
490000.0,144.99217696633485,128.89748016079326,14.220961128286952
491000.0,141.9487232284101,124.69165328759314,16.945093778914533
492000.0,143.2148234366623,126.52113775041835,22.116445417571402
493000.0,143.70966151497598,127.64450280669142,-2.4397249129408856
494000.0,141.93629206918075,128.67792664078226,21.019062504925213
495000.0,142.7253686842625,130.02721322882624,24.477720594626266
496000.0,141.49181150665007,126.61706924866495,5.712922678534226
497000.0,140.84383740371786,126.89279865036968,-2.177812730153685
498000.0,141.09314911131275,125.61615844475133,10.142233758206496
499000.0,142.31846679904598,126.21600418557968,-1.7185940939867677
500000.0,141.61366506006462,126.73383915772408,-11.012252543874935
501000.0,143.08791380296864,128.39735804089364,4.402046862263046
502000.0,141.62060349543572,127.2762886724086,3.1872434731196693
503000.0,143.79171557997296,127.50322978508365,3.8372172335976606
504000.0,142.58861450515855,127.28626196516817,2.7431642808392067
505000.0,141.7789522147011,126.16384921330929,-0.11570933992111643
506000.0,144.54864206737994,127.84859474162718,-4.006992732994307
507000.0,143.93422809362718,127.42152949477702,15.912376657386028
508000.0,144.3769130246211,125.37952684599433,19.40757396930905
509000.0,143.46834941190517,129.3395744108623,22.90270082724298
510000.0,141.44345064693772,127.05033305018776,19.871338374441148
511000.0,144.8941490451471,129.06147059380424,27.059952176483623
512000.0,142.64770770286685,126.74875089139627,13.061015370555586
513000.0,143.81067743841564,126.8423589135895,19.70945509552398
514000.0,143.1883740240422,128.2133198493405,16.96826297298817
515000.0,143.98838868162167,126.3052458289998,15.103218610005513
516000.0,142.90673454358378,126.57863048634609,11.992020970333519
517000.0,143.4697255818817,127.19618940866478,16.549443740247813
518000.0,143.73579811358212,129.02888357117547,16.64120626695636
519000.0,143.18995126141783,125.15518993791846,0.021162751418297807
520000.0,142.90559968793872,125.72124460314085,12.69054360385219
521000.0,143.43534152744994,125.50247154070685,-1.9609391206329014
522000.0,139.8813551484759,128.4397623704349,17.317901411351485
523000.0,143.5868753633418,128.30538970947555,0.27576009277347424
524000.0,144.8743621488435,128.80622910207694,9.664107038685357
525000.0,143.20771266619488,127.44852631897012,4.302621642175275
526000.0,143.5388241833548,128.4756735690948,6.935814420821488
527000.0,138.1165476446305,128.6255250244714,34.03074798996537
528000.0,141.26260525884987,126.21898387805254,15.327916479971627
529000.0,141.47277581416836,127.14842744954832,16.679983619096006
530000.0,140.68788589188526,123.44121926006741,6.296126121049842
531000.0,142.41783578641267,127.78491661906396,3.9631443150825874
532000.0,142.9790961559771,130.15961951462978,-4.496652926604042
533000.0,140.60076080294823,126.23357022136203,34.188468942560704
534000.0,142.95654498160675,130.43178797123716,15.750534127741119
535000.0,144.59144239129276,128.77275088000405,18.176492387007798
536000.0,143.64361724655416,129.32016207691325,19.4513556889224
537000.0,143.40624536812012,128.57174334535753,10.757113415482413
538000.0,141.89011047330098,127.74539433862905,23.163204393666383
539000.0,139.9645011477727,126.28213906482937,7.647025266383779
540000.0,142.41098096073026,127.50741778267735,20.863678282956336
541000.0,141.4152590028521,127.22701923967179,0.5262478785323011
542000.0,143.58153156248008,128.10711889317872,-0.9618508953100406
543000.0,141.52653629175137,126.88201219902696,12.061183755394067
544000.0,140.9894809651004,128.9265140452279,18.829322169153677
545000.0,140.1466968101639,125.1384397440502,16.110320449685215
546000.0,140.2794010683239,127.1552525887763,-0.9104545351792194
547000.0,142.81149927655932,125.81536400495436,16.788441449906834
548000.0,140.8919474129062,127.76546591615993,1.5186793966398935
549000.0,140.46697488169647,126.7828319966945,3.387078012725549
550000.0,143.28468330003577,126.29812190514592,28.534610389718033
551000.0,143.064186811773,126.68419046590917,21.968492321112358
552000.0,140.63040687164283,127.05419704114402,9.849698618700298
553000.0,141.70144681239324,125.45328487978368,13.195915001467032
554000.0,140.60523386137348,128.30549534632132,19.200217268837346
555000.0,144.2348671943282,126.59964743181594,15.523153163010631
556000.0,141.65518161485605,128.41542094502984,6.357540744859682
557000.0,142.5754592248269,129.21966309111193,18.46252639317429
558000.0,141.14024075931908,125.24844911650857,14.757270248766691
559000.0,143.45871670775807,125.8348591861031,25.78604085664779
560000.0,141.1690479160922,127.46208341211134,29.512386530377757
561000.0,142.7521710592544,126.30422454637839,29.55090238692025
562000.0,141.9476937746158,128.3823292802713,16.461761940009243
563000.0,140.83808984983628,126.7356005003095,20.736027678920266
564000.0,142.00725791843755,125.67529576236277,17.23019594741617
565000.0,142.66251420954245,126.20029777554214,11.81960115638506
566000.0,139.98860176382934,126.17323553670902,28.497261819942885
567000.0,142.01822094995492,127.64442709457677,30.134543965723072
568000.0,141.28592880779834,127.54341877562901,25.395095879674503
569000.0,142.75569046213002,130.12331945110122,10.675495540692834
570000.0,139.73911805194126,127.73341598183383,8.217318307913304
571000.0,141.2928774071802,126.8943384459474,14.31012499134258
572000.0,140.9364430112097,127.72311291139701,17.325660758589606
573000.0,141.58581699182594,127.60790871182198,13.184668299538098
574000.0,142.77742997415436,127.7873812654517,2.960155575381243
575000.0,141.47427318546883,129.00301467669752,11.111474979451152
576000.0,140.8665312653983,128.50374437310356,-5.216678631101926
577000.0,139.8744011589695,126.15792926732567,-12.198218976895802
578000.0,143.5348614715529,125.09281463648341,9.840154450555435
579000.0,142.77377343966893,127.07023080370726,-3.029315131872576
580000.0,143.70610076948023,126.4316598191107,-0.22417542934150872
581000.0,140.4915622369908,124.38835308532532,16.44806613458026
582000.0,143.81819783294935,125.44742114483736,3.4956769811844546
583000.0,142.27948690176066,124.664340064504,15.116850008222352
584000.0,143.99984046949785,125.11623640844091,-17.796033142766937
585000.0,144.98360027827536,125.9859845954697,3.206064376559829
586000.0,142.20140044509637,123.98313445543715,10.171083041293397
587000.0,142.49746493124343,125.8301205337027,10.850913385559327
588000.0,144.31699077176657,125.77187921728843,0.4693256328671246
589000.0,144.64168374269573,124.01747504557237,11.19964881055534
590000.0,143.07395355230915,127.17602596129045,-0.8565767608826804
591000.0,139.6003579771233,125.11762384168054,13.964802812915764
592000.0,141.4904492678322,126.42691021470453,17.266219953223054
593000.0,141.0071994832228,126.28136440001266,4.604663900420529
594000.0,141.67968951170724,124.10578729208873,6.290949319503862
595000.0,144.4318878248389,126.76334741543987,23.900929188804493
596000.0,141.26779656114337,127.2786937542794,8.277149702817237
597000.0,140.96234426293518,125.3655683266536,19.211696417499624
598000.0,143.9270060205543,129.40090132112172,28.37565036258206
599000.0,141.02747348855422,125.61125931842884,8.104689304639546
600000.0,142.87085604596263,125.57419241791638,9.008649073219212
601000.0,141.17204215161777,125.22724322613607,13.177379598965555
602000.0,142.1381816278972,126.85519781986297,11.299531177673433
603000.0,142.0492717349279,126.80761923442988,24.99275313263157
604000.0,140.68821948924437,126.30254864924828,32.508150995119145
605000.0,140.37112945421603,128.2716327360646,12.947653677025082
606000.0,143.7682321212031,128.4841685295744,24.41828757532446
607000.0,143.16902909733847,125.88946199893786,12.286911238776966
608000.0,142.76961772215216,127.60212936716682,23.15674585175905
609000.0,143.19847817025604,126.34262877439974,4.042090268879923
610000.0,145.92565350674565,129.02818828277935,19.71436527605085
611000.0,142.96616383881093,127.26168579369192,12.3703955011297
612000.0,145.80710347905216,129.528873743481,0.8409377641279709
613000.0,143.23655848607748,129.1444143356137,9.620421235161023
614000.0,142.18706305668826,124.71900039224475,6.238311004247772
615000.0,142.08570117538156,124.38534304941646,8.193671965626095
616000.0,145.1647911812549,128.51896050987824,10.216339578955333
617000.0,141.93349277226784,127.78601351387702,1.7907331771831767
618000.0,144.08477595847174,128.09970282714403,13.002962052934853
619000.0,143.19049826122068,128.00054431005384,1.7534641375801094
620000.0,141.86824739008233,126.8026893567013,13.17188069079837
621000.0,141.94836148644075,128.62977411049218,2.310399097635842
622000.0,144.37221501748897,128.78805979232044,12.690088743052923
623000.0,141.6702408625594,126.11862879683923,-0.26564453182960684
624000.0,143.7576115213034,123.94711754795324,-4.238921138286893
625000.0,142.0664642323483,124.70947480444275,1.4817750169668784
626000.0,140.4723267340782,126.78002363174983,-14.846713452359962
627000.0,141.839387945428,124.93882079087605,14.136549760088567
628000.0,141.78564079183784,122.78916504004494,15.272634585754508
629000.0,139.22224626440328,123.23513551409745,12.015146126104794
630000.0,143.27994205936164,129.57860270455566,11.900628606878294
631000.0,140.56955466654108,127.68619596559283,12.603533625452233
632000.0,141.06209797261803,125.85294590031494,7.762077791253451
633000.0,140.3141416657399,123.64100643363784,10.046491344321847
634000.0,140.99279364242312,125.36094774853458,21.561815712145965
635000.0,142.07057992641538,123.25017497456143,8.57972006389689
636000.0,141.30459729240374,127.33677093826932,4.093066810844291
637000.0,142.46904083959194,126.23055379663703,1.4654393025639656
638000.0,139.28428640331902,126.69413955276846,12.96347830400389
639000.0,141.67730733916792,121.38303027785089,20.261896396871478
640000.0,142.41111240809047,126.53952838469087,-1.7852030870921067
641000.0,141.0701417394882,127.9502644996228,24.205482680526107
642000.0,143.2636351297571,126.77999076936543,11.904798900497505
643000.0,142.2747210862223,125.94670335241064,12.009756833183307
644000.0,142.54948109023223,128.44898594460153,-1.3728038502421953
645000.0,143.9387605891982,127.17048244835162,7.955291312139704
646000.0,142.0724756096629,127.07118443592131,18.232007629299066
647000.0,143.53480586031688,129.55735984061107,11.433526804259769
648000.0,144.00985042073265,125.67139332608289,0.8541753269812188
649000.0,143.36598547526685,125.93031575297856,7.281224464834132
650000.0,141.96997743231873,124.92769596328466,4.292683522356345
651000.0,140.87836110078976,126.9948654826294,6.441393091702442
652000.0,141.92806329291216,127.32682644483616,3.8806186676422643
653000.0,140.89747460350804,122.63600790767507,10.17219979421065
654000.0,142.3271465554098,124.46867878872713,11.020075623849745
655000.0,141.8544809465362,127.65319587242494,3.4950820398668445
656000.0,140.97309957704118,124.2708315144677,17.682765489235326
657000.0,141.75248501877596,125.52111550782521,31.405114608665922
658000.0,138.82096572610297,126.36819268821213,11.98416957368905
659000.0,139.00035935599539,125.40870558122087,5.367781295714654
660000.0,141.11017092141142,126.12881532119128,13.514366115672118
661000.0,140.80389456799784,126.58817862735053,10.55270105230756
662000.0,141.4475575943752,127.31206724193316,24.840274316155607
663000.0,143.57237797118233,125.67855792729468,9.874255209648583
664000.0,141.58739204398765,127.02903264457669,13.421524645721925
665000.0,140.45162677906583,126.96819189516339,11.88702093614325
666000.0,144.2491526574382,126.14440087479282,6.004109248252884
667000.0,143.93750560969957,128.98799976417095,9.527790593469634
668000.0,142.73668200373862,129.76235877293476,12.90642827996869
669000.0,140.14728152388955,126.83809858254305,28.86645621729227
670000.0,141.79625964288525,124.04825512688012,13.401173671846502
671000.0,140.45226873132032,122.44081891803538,15.54379892072498
672000.0,140.89657113625535,128.14910549557294,30.144920672472114
673000.0,143.7636863972562,129.46286629988296,16.325832384348093
674000.0,141.72938473559873,124.88622871037197,10.271314963948733
675000.0,141.82856227137142,124.40533941744894,23.150907131704184
676000.0,144.2879522009128,126.69972785513698,19.194335157111272
677000.0,143.41435554681095,126.75361126585173,5.941071360412017
678000.0,141.10897341400195,126.38936089242341,22.88413298289812
679000.0,142.6135212805261,128.4363786698343,14.675140661155355
680000.0,144.43789096853877,130.07392207681346,35.730081933779225
681000.0,140.60266116621443,126.14346633124516,35.43280453435136
682000.0,142.8420267081512,126.85434654582397,16.79053855088864
683000.0,142.18012605328917,127.44106459459302,30.34929521491218
684000.0,142.54037961221255,126.15573661235601,11.375278622294795
685000.0,140.35394322929153,126.1146333819268,18.852709475675876
686000.0,142.4781608985026,125.62116742449828,37.756434659931934
687000.0,139.76523461492314,127.35777901722142,3.351109084900606
688000.0,140.80317994528343,125.14113682767844,7.7821597363605814
689000.0,143.21192448544585,127.71604915287293,7.672276063163923
690000.0,139.40898631053247,127.61996135949568,8.759209098039745
691000.0,142.25044610810252,127.88668861825442,0.6816535354478972
692000.0,142.04504515477095,125.88414208310087,-6.51866817615284
693000.0,142.2550496254186,127.66077669513062,10.721818141756264
694000.0,141.1043526106665,124.02245450805175,20.830877858959877
695000.0,143.19259459690926,126.20429106682137,10.20227736580045
696000.0,141.59017750896845,125.68813520034955,14.37012574819086
697000.0,142.08654077864762,123.82297078177787,6.852472660947006
698000.0,143.48146312870702,123.82547400361558,-8.188841501865463
699000.0,143.68702315006396,123.2429420546588,3.119894622300767
700000.0,141.29755080526374,124.92877701934718,1.389982850881535
701000.0,143.5044706794548,126.55110357511548,14.337890559987676
702000.0,141.2765089411697,123.97370408704295,8.736767628281802
703000.0,141.72668161307848,124.51784349003654,23.496395735385256
704000.0,142.59296844427476,125.0745538406435,0.34441834521013576
705000.0,141.96354641978093,127.31372810444718,10.823375694772745
706000.0,142.2637190147292,127.77065235309368,6.980422455014502
707000.0,143.95713454135532,125.62416718577056,23.697072528576868
708000.0,143.65061270174286,128.32963871066002,19.928980751872295
709000.0,142.5318652974459,126.8466766032882,11.427581666982574
710000.0,142.54874417067367,123.21081683287322,7.060269759039906
711000.0,144.17517128329936,127.13613362694143,21.452009683786244
712000.0,142.89576181647442,126.79832178032525,31.823540245821118
713000.0,141.9377361954213,127.0750915217051,22.009361750424404
714000.0,142.16399825065764,125.88434168084632,9.243979982096517
715000.0,142.22952260367643,126.9979789976765,20.993646694578718
716000.0,142.4301051476375,123.51013151799721,6.436755240099908
717000.0,141.65118449677473,121.20499631514356,14.510310043434206
718000.0,140.72512525310546,125.08828244313415,18.227529166057717
719000.0,141.81061945462744,127.35711537339238,6.743505589418371
720000.0,141.4221371971143,125.86651525682245,25.726213981393194
721000.0,140.93383314211442,123.19716293252102,7.8945500595500455
722000.0,140.51244656501234,124.37991340783665,24.9872818568675
723000.0,141.38024834496966,120.87851805904847,16.242473758233757
724000.0,146.54773068950706,124.97677270159829,16.110616318474246
725000.0,142.70123198727484,123.32161197061775,24.453064906878218
726000.0,141.11915498589494,126.42082405583636,19.180530136373353
727000.0,142.93317564179586,126.68599450891455,20.26522571158507
728000.0,142.4392094407257,126.62829239580049,22.62227785828058
729000.0,142.44565382650978,122.4166275521902,25.030138194020623
730000.0,144.58829615429585,122.81048153508142,14.554695506656454
731000.0,141.02752807708765,122.31600572922446,28.260642704518503
732000.0,142.14433437885398,124.46998943164606,21.43194919438353
733000.0,143.82947134892376,124.46818498972463,12.691321190577378
734000.0,144.1357796159983,126.75150805697346,19.508903409268925
735000.0,143.84814249239136,125.84528966556509,9.181305256950276
736000.0,145.0764513924036,125.3383531332341,17.710391817480545
737000.0,142.26666859801898,124.03074439489893,24.065249433557828
738000.0,144.18485116501554,126.10540896840277,16.545372526737943
739000.0,145.1603347743775,129.40642760617507,15.081384177706209
740000.0,143.62791537365993,124.13590117254903,12.091572259247716
741000.0,142.43625004869486,125.02497060859758,11.532212596469503
742000.0,141.17958999030185,124.93599524167023,14.498837403269059
743000.0,142.8418237342979,125.01653374322694,20.205966396862944
744000.0,142.0071559855301,124.2521352042797,16.711938881603132
745000.0,143.23600566981557,124.83889264884517,17.621254021602006
746000.0,144.13551215862367,125.07208452252331,33.595324892905694
747000.0,145.11027592716079,125.89655776036005,27.210538390676096
748000.0,143.2589031369792,126.67561725024834,11.14523586027989
749000.0,143.40701374632545,124.7166472297435,36.53130301217133
750000.0,145.11647694001869,126.33637671089456,15.613683107088027
751000.0,144.20573534895712,126.69283430807262,21.928094348693335
752000.0,143.2815806528867,126.30008358517436,20.266127266716172
753000.0,144.81148600599494,124.98191194847844,16.614867306352828
754000.0,143.65291492798877,128.0581224095893,22.71136416378454
755000.0,142.9984688401324,124.03281641339159,27.09008449048577
756000.0,146.27891798666644,128.07513429549536,16.535481448877135
757000.0,142.51170595720032,123.61174347348908,10.730700753965825
758000.0,142.69463356236454,122.87981382953379,32.33277933274971
759000.0,145.2215660802606,126.39869522907777,22.69431556646139
760000.0,145.53463841925824,126.21707378403717,15.757675518019957
761000.0,144.9671135766364,127.77592885609573,20.59460753809041
762000.0,142.95896052720985,125.79479930530417,27.313003847047717
763000.0,142.8647921103128,127.50364173034438,25.354472621742683
764000.0,142.2246628968639,125.85958653763821,5.284597273835151
765000.0,142.7821927733464,125.93557669209454,23.818778935749503
766000.0,143.6373239267367,125.37175754149395,19.379829161097735
767000.0,142.06178668131656,126.88356514381486,19.067515203265067
768000.0,144.96235652294914,126.22973581265896,18.951792694581215
769000.0,143.1129607261543,127.85850138509124,11.800507316984351
770000.0,141.94412557078434,124.03570238558267,26.43942798726492
771000.0,142.67685334177656,122.53703712634972,21.33258715753721
772000.0,142.17439438001514,124.13459971909833,16.15086691407911
773000.0,143.11604988834006,125.65373007490908,8.722236873509615
774000.0,141.7036611355639,123.5292660812298,21.889168295428494
775000.0,141.57574405372054,128.6501641465845,29.939060073994085
776000.0,142.69017983296266,127.96929944440774,20.014895861069636
777000.0,143.90178380136004,126.25209821843629,2.894674149954984
778000.0,142.93330506283698,126.48131744572271,18.5454442433243
779000.0,143.21802754260872,126.39733082469613,24.48067915501701
780000.0,143.7649871460405,126.45085689966851,28.285934776785567
781000.0,143.13459871323744,124.54517383752827,18.172975791345745
782000.0,143.53629137371024,124.84054943792195,11.479584937220979
783000.0,144.3372975997318,126.70623794364712,1.916974042225229
784000.0,146.8023555975475,126.06653830986795,3.7070072575661186
785000.0,145.30110180480327,126.07830570675316,2.675006713427029
786000.0,142.7958724973972,126.2456757653223,11.35576241438132
787000.0,143.47729322178245,124.56510233314087,8.342213162543661
788000.0,141.86967914706713,123.39219327136531,27.645402850295937
789000.0,142.92771864352767,126.1825846218805,22.635860791131496
790000.0,143.00913986973663,124.56234787788426,28.168679098358407
791000.0,142.19241009915075,123.3999263917866,25.763643485777735
792000.0,141.89316085420958,123.95252897082264,28.858292038880474
793000.0,140.39086326328604,124.98986913976691,20.30835257133211
794000.0,140.79375001119135,126.37334340815299,11.960812384906033
795000.0,144.5460283669604,126.20066264661324,23.143358734886277
796000.0,144.99747590422777,128.8345080310221,8.441245315283306
797000.0,142.9254748222024,125.29901812658257,19.74791968302518
798000.0,140.58246682419838,125.57872091944832,11.916890397303007
799000.0,140.49300133711534,123.22722342852893,11.236228782925481
800000.0,142.42877356405205,126.81875727998705,15.826825963666016
801000.0,142.4466340724849,126.380712529537,15.282275714728181
802000.0,143.84822891325302,124.88493851646241,17.339644316380802
803000.0,141.2768232888463,122.7136132466804,28.627470828330438
804000.0,143.7731517592456,127.28250578109795,22.165411826509178
805000.0,143.26682831882422,126.33310350114327,24.360275925349264
806000.0,144.86238861996887,125.62063143965257,15.256937130316892
807000.0,143.22993448157203,123.71938492717713,15.971609506036344
808000.0,143.30432249908174,124.03785250354916,22.838578884171888
809000.0,143.87060275252145,127.33887741613077,14.174268735873078
810000.0,143.71795676534646,124.37754761603382,22.72005204607809
811000.0,145.56759911046152,127.4891424409414,7.779891565302307
812000.0,140.8908793721257,124.73608278508372,25.970166647181046
813000.0,145.43146107519829,128.15887560568189,18.818111518607548
814000.0,142.3763450838322,127.74094806752807,22.954825230795898
815000.0,144.50764106186307,123.23182557325838,28.53416507330696
816000.0,142.60627718789956,126.78877749882987,30.098120408631765
817000.0,141.768098919595,128.5202734569848,15.919562892352989
818000.0,143.66193426795,124.64725305468922,25.208825187094522
819000.0,145.6856948631542,125.46779632615842,14.279129409354447
820000.0,140.3636914806321,122.89563870608232,17.427536152524624
821000.0,144.35593568376996,126.85450218495947,21.042090211030356
822000.0,143.20578227380568,124.48783237102553,13.815277214141904
823000.0,141.24663952878117,126.3158214574195,28.33149469909764
824000.0,141.08291106335884,125.12112343898218,4.474625465778872
825000.0,144.089849577907,127.5624449253945,9.596013521112095
826000.0,139.73396058028578,126.2448595426334,1.2576168020134575
827000.0,143.48492365519843,123.62578986673671,9.509563680355406
828000.0,143.66740106431868,126.84882269617228,20.497269394979796
829000.0,144.7240950031795,119.96423720842893,6.536466116808005
830000.0,144.24468914720393,126.53074605818165,21.704156184967843
831000.0,143.73044135539388,126.85951598711338,22.057520472436625
832000.0,144.43760640427107,125.36383164766177,-2.329724882316089
833000.0,144.05636900842262,122.85810813946942,12.513742597429129
834000.0,144.01928557826628,126.52208507780988,28.363964702808513
835000.0,140.75985236494807,125.13675876423424,28.18111548168811
836000.0,145.33514186535197,128.33333828582144,12.666462360137151
837000.0,142.82947477867975,127.89128391891295,31.995138362311366
838000.0,143.02854498434306,127.62915993869571,30.28302729797453
839000.0,144.19855388774707,126.13314445252044,29.541249190449793
840000.0,144.75563300529123,126.1252059368448,13.395881168380892
841000.0,142.66117793608484,125.6897499304851,27.17763304663053
842000.0,143.72492120633683,125.5801973161373,10.309736772481454
843000.0,143.74438180264116,125.40241180094107,32.18112015569133
844000.0,145.52915113272235,126.36138663896047,27.27060928279676
845000.0,142.91169788158368,126.33300851195182,8.973601394375425
846000.0,145.48095539610287,127.24807282967512,8.924742295203052
847000.0,143.21323669992302,126.7890857799918,8.25688499091846
848000.0,141.8436361765226,125.68352510787543,12.460429646150702
849000.0,142.94150344978385,124.59360355878148,19.51053973299437
850000.0,142.23950089831078,125.46155810638923,19.385471978766574
851000.0,141.14611020658515,125.66973050296856,16.203561986702724
852000.0,141.30302995017382,122.99086862739841,6.406871505000594
853000.0,142.37832645641646,123.78407758301948,7.092919807843679
854000.0,144.0755863017825,126.90595279434301,4.674881513574935
855000.0,142.01472572820933,124.32712057140374,23.485845564208013
856000.0,144.46734581842236,128.81216966673904,10.561092645296071
857000.0,144.78519612281147,129.37517908480464,8.381946862704941
858000.0,144.08778047445412,126.99625502100386,32.32932166312622
859000.0,143.4483254223128,126.87899316623134,11.424419570548363
860000.0,144.88814435980677,127.2396816084148,22.882674618674717
861000.0,142.57773728781078,123.42047718960407,23.592157745012486
862000.0,144.2779794066912,124.66616141645999,11.817980941443254
863000.0,140.75497697487756,122.78429647022472,11.841626918743147
864000.0,143.409946692852,124.03602032549144,11.067723061989867
865000.0,145.88471445266165,127.74942748626592,27.022419971166496
866000.0,144.64865241397368,124.90112423777886,15.729174779887419
867000.0,142.38760554840988,125.12600301767063,8.120140515780017
868000.0,144.98509300977523,123.35155851150158,21.939955496713893
869000.0,143.72688865849682,124.94764637869358,6.10118720314414
870000.0,142.31519306082072,124.05302873111846,16.799607660415763
871000.0,142.78018794041873,125.95721818239427,14.42153834881739
872000.0,141.04864228615372,126.12559678657266,3.890905645233217
873000.0,142.63743941649133,125.91560800909708,18.134637322918497
874000.0,141.42262374875494,124.78339513158704,10.006458568115526
875000.0,143.10245272393567,126.1059824141725,21.365633595519448
876000.0,143.60018450454342,127.96576505891072,-9.468787799061683
877000.0,140.93285120586734,123.21714041521079,6.5825061430721705
878000.0,144.31286044525447,127.28506142261557,6.626815218188328
879000.0,145.0037876358404,123.77990318924795,22.5606849423617
880000.0,144.63742163886266,123.11061131041794,20.298574783899298
881000.0,144.87410747993064,122.51180460454219,18.687078549681587
882000.0,145.48354581795547,125.14629708779297,28.900595147115514
883000.0,145.18074502619666,121.98835767297396,33.01244985657958
884000.0,145.38386599856395,122.0823774705826,16.646817179615073
885000.0,147.02044533308356,124.7003644444488,30.142695371458224
886000.0,144.23354705462768,124.60194293157325,13.733468724228361
887000.0,144.70981351128506,124.65551381328453,18.55117621136377
888000.0,143.4852168558327,123.94847574164393,18.37687059863624
889000.0,143.65059725717816,124.18141412801563,6.743912335383961
890000.0,144.54396750221838,124.51068146849295,20.177871802198403
891000.0,143.4825898156976,123.91521548307566,5.118013050934846
892000.0,144.28293005151585,123.97661975388722,8.238545907268003
893000.0,144.32447073972108,125.24786869295812,-1.898793369736625
894000.0,142.57963956643187,124.66691660565616,7.74915733384729
895000.0,144.2803084271008,125.72454535997097,9.225757685280904
896000.0,144.32793045313235,126.66091058311727,2.467763119360408
897000.0,144.6461512597962,128.53913891879654,6.690740732788027
898000.0,144.89504071545846,124.00237798230079,16.83013783171937
899000.0,146.40306300741727,124.35855999698754,0.4276783895488207
900000.0,143.60661572424593,125.29510187324479,10.098820721198596
901000.0,145.18785924917879,125.18650571570876,-7.975352508810839
902000.0,145.64482788606958,124.82799103815917,17.09167828312695
903000.0,142.82372797687242,124.11820424826823,21.971172902645982
904000.0,144.47568660245878,124.76034556816988,6.276053323404523
905000.0,144.20551591663158,121.34361563044139,15.614487114519054
906000.0,144.56724699226154,123.6880134502958,16.496976266561553
907000.0,145.71367186635788,126.06435565319994,7.582049398515489
908000.0,146.0079368381537,125.26011262610163,0.8077194393561697
909000.0,143.9258140102286,120.90984306006396,18.188071108005406
910000.0,145.0013734214217,120.71572247645769,11.384764797981724
911000.0,143.73992721083516,125.6837181857382,14.19763345668015
912000.0,143.83647594273185,122.92373695958307,16.658209573021896
913000.0,143.67974279722938,123.61696464917954,5.65738562323722
914000.0,143.03263714119555,122.52006380547472,-4.377320332723102
915000.0,144.4207851586395,121.9317205351436,3.6495549222230137
916000.0,146.8852679445801,122.18616580455117,6.0156311241646385
917000.0,143.88238486657775,120.48214542054248,14.844881372122215
918000.0,144.72811346099257,123.85531850233166,25.956336088892396
919000.0,143.88191047396694,121.12525306122934,19.47906571333055
920000.0,144.13912163555045,123.93567396885292,24.200077672607293
921000.0,143.05956220187377,125.93639155129824,28.76879011586562
922000.0,144.23933478032757,123.73517494946385,11.765004633460903
923000.0,143.2847610949652,125.0250179927526,12.333495112078227
924000.0,143.90829811742663,123.43152030556541,23.70755589893965
925000.0,144.82160218723186,125.05264751278655,26.441870815350153
926000.0,146.3944611892199,126.76981049824579,13.592604085490365
927000.0,145.19588484740098,126.0243810349707,17.9670444678517
928000.0,142.66913969473683,124.0918494508978,23.751618591411617
929000.0,143.1878303708671,120.57043376605358,7.7034938964279736
930000.0,142.9328394169195,122.52138497474493,24.898996303016407
931000.0,142.23049134088137,125.45801845775877,8.816621030651206
932000.0,144.61242236506016,124.67421191657284,10.442226677842996
933000.0,141.35937966749464,126.85638722700529,-1.573390491046566
934000.0,141.3220271987537,124.37955570868603,10.491212639706221
935000.0,143.35865946591284,127.34600815571223,-3.548139317090075
936000.0,142.64023238732287,122.49889184312174,26.449802289211014
937000.0,143.37906233648027,124.48815561435612,14.697228250095426
938000.0,143.08375619625485,127.11612877716975,6.40269283024759
939000.0,145.73557141331682,126.98738562921899,19.492268565111235
940000.0,145.44447803494256,130.57557269348703,3.6057553347630837
941000.0,146.21838586440896,127.15278478003286,2.701047505208464
942000.0,143.29151121206667,125.64512665550902,17.459879049725604
943000.0,146.19665802399254,125.14065514058942,13.800343039713852
944000.0,143.21746938935976,129.1304610217524,21.189710653003928
945000.0,145.7004037061892,124.0961246920207,26.97414839627921
946000.0,144.21438534992643,124.9403431139982,10.763095832335296
947000.0,145.52824457193736,129.78358298805966,24.484812259023347
948000.0,142.72808134237226,127.27231646625715,25.669837024850306
949000.0,144.60733715395264,124.86497574324014,16.90953962100421
950000.0,143.61861807946232,122.98857728508767,12.38366957303804
951000.0,142.66407401003326,123.52874092637187,31.416524075930536
952000.0,144.32654094409767,122.61369431017025,18.173592595434236
953000.0,145.22504521680543,122.68164229107508,10.192879303692958
954000.0,143.18300842937353,122.56417386154511,24.298875481187707
955000.0,142.71725213376422,125.66516766904776,8.59284770348891
956000.0,143.666687744905,126.08451437589187,17.005621683141225
957000.0,141.91292718918098,125.43818857569693,11.879578365754998
958000.0,146.55462940751062,125.94328733017066,12.911022416816193
959000.0,142.52246808529412,124.88495290787316,15.232143355182039
960000.0,141.77247803118883,127.97613846370423,40.761569196088736
961000.0,143.06610312326293,126.68661537369701,19.53607769289238
962000.0,143.51226671411627,127.05649669820518,21.428147284888453
963000.0,145.76208733056427,128.16531594043022,14.389337197338913
964000.0,142.31858856549198,125.93300737781317,22.808193162599643
965000.0,144.8918753191445,125.35674685504085,9.642646974875348
966000.0,145.33512190827471,124.47597218192833,6.214965859897681
967000.0,146.36536375752104,125.21890157725042,18.22090338643923
968000.0,143.47059021310312,121.72933488981737,23.04399123491154
969000.0,144.2919943561735,122.8408384163588,22.213028171786075
970000.0,143.23922837799702,120.7705042579202,23.127126505045283
971000.0,143.58719052424334,118.9468417369375,1.4641982285963833
972000.0,143.79657153801153,120.8733539048166,13.987204786889054
973000.0,142.63051459175603,119.2343596865074,9.337723024664506
974000.0,145.32329663523123,118.90774353284114,14.625330999551403
975000.0,144.78280386437362,124.58841663730011,23.245777452252526
976000.0,142.51401262028935,120.22366146637387,12.64215711831487
977000.0,142.84435014622605,121.72735546594745,23.35697732940431
978000.0,143.06480373070536,121.23257284518245,12.308840681839468
979000.0,143.61936409873306,121.6401636476578,18.5661444501712
980000.0,143.11353321480178,124.98036677598469,23.19004247548004
981000.0,141.92370791601314,122.22570553839729,13.52306689550745
982000.0,144.98149039245664,121.71814417765479,8.764431799042631
983000.0,144.26315592823042,119.92325077559241,15.355850522285866
984000.0,141.982905944716,121.81666959786394,27.874808992911813
985000.0,141.4648452696941,122.4020400816594,19.142848613688084
986000.0,141.72692136018003,123.30996287604549,25.2722016855031
987000.0,141.62280249121383,121.06809023802381,25.745585759543975
988000.0,141.81200253740482,122.28187196056392,8.847625737259634
989000.0,142.5070731658801,125.06807870061753,29.867758678417708
990000.0,141.19463599343499,123.41929130475015,24.267046521758978
991000.0,143.66946853844993,125.0322554126832,11.52363899542206
992000.0,143.52769460198863,119.60830634361024,14.871359838787702
993000.0,142.27196400201072,123.05399751124959,22.464198025849363
994000.0,142.755997008058,127.29236247988987,16.44652868958428
995000.0,141.89349763214557,123.95477815916314,16.204430911325918
996000.0,143.3872405411377,124.23123779757728,9.519249870002541
997000.0,142.76428099493307,123.10249205135085,22.07156340010457
998000.0,142.78826566549944,118.66017282144921,29.41541438771886
999000.0,143.17779996104443,120.97806163702808,13.319294242974935
1000000.0,141.304582381034,119.53809714835239,27.55524540511619
1001000.0,143.56291599219915,120.8387272389711,-1.7401273989805626
1002000.0,143.92788490959876,119.81050639763765,10.227745888155077
1003000.0,142.614909573713,119.88958126871773,17.95022560421919
1004000.0,145.0117730226736,123.7576259912918,16.71679586996788
1005000.0,143.3869845563016,123.35581669301455,16.735398243953735
1006000.0,141.73267348865792,126.41041599906083,27.099787908821128
1007000.0,144.0788192532068,126.51343809274009,27.250139608351535
1008000.0,142.34598179845776,126.27221246109626,20.516186162696776
1009000.0,142.85544848516727,127.55827259963017,33.20851263567043
1010000.0,145.97654574859982,125.71775617053038,24.392285516371956
1011000.0,144.50418537891855,127.45750197393077,33.04038081125372
1012000.0,143.34979095639153,125.95522781766823,15.369040928593218
1013000.0,143.23599785200113,125.66956918603043,35.33270458537219
1014000.0,143.42909640340213,125.29047033187294,29.368050757493485
1015000.0,143.70434361630146,126.86445995035332,28.413173732290527
1016000.0,144.8197026809088,126.02030661888395,21.460829136618646
1017000.0,140.75490034314342,125.98598374547304,39.08736565296245
1018000.0,142.1417488575669,126.6639669921226,36.46205823668875
1019000.0,141.0351192767179,125.6029925239507,22.15096022975876
1020000.0,141.29448682744652,124.58320424015642,48.0350612143852
1021000.0,141.52578076245712,126.12596712355307,30.046210593039987
1022000.0,143.6589960428495,128.99970423978766,29.43298759449574
1023000.0,141.14473204717427,124.97676336419023,27.17775487013567
1024000.0,142.1631733074635,129.1007187341154,37.09960676348966
1025000.0,139.02286685520644,125.10115118962564,37.449464432002415
1026000.0,141.26371347076483,123.29637511543567,35.77453367300162
1027000.0,145.9686758117425,126.74592431966225,4.98855745964717
1028000.0,140.0942348596806,125.41426204830069,9.110894904528898
1029000.0,143.14730872527693,124.96866027006008,30.792938277424543
1030000.0,142.70174468179124,122.69380694063653,21.661334173929347
1031000.0,145.63393130135725,126.86618963345813,24.352318508380304
1032000.0,144.44988161899812,125.75609148613155,35.68222221220371
1033000.0,143.24175082755062,126.62473802081558,32.17572878828671
1034000.0,143.5558930985578,124.40378159256811,34.92680789298662
1035000.0,143.4813777221801,124.88369644617906,28.729687148526494
1036000.0,140.61608052338892,124.11128362622814,36.35679008170833
1037000.0,140.19371456594672,126.66160463643463,42.17361551027146
1038000.0,144.26733512841454,129.23559997547807,29.68668583339092
1039000.0,143.2822723302675,124.87824565737178,14.873998739457424
1040000.0,141.74459473282224,121.91826875178681,23.569353507267515
1041000.0,142.3673219974703,122.22493816374345,20.19394257902953
1042000.0,142.86420435497232,124.38286060568281,24.05060986837231
1043000.0,142.16195258387788,122.51804065158467,13.670634401832423
1044000.0,142.49891671317874,126.29082618659532,7.537560189674044
1045000.0,143.3656263363974,124.92818972009346,23.181299034160418
1046000.0,143.98022875807658,122.4488930673257,20.273081347500664
1047000.0,144.58322875785566,125.20994655839122,26.18923238593893
1048000.0,143.69481172422928,126.40945014335644,27.991261710343906
1049000.0,143.52122710137994,124.67999304629606,26.32429329773499
1050000.0,141.5391482109275,126.40845912814683,29.307310043552373
1051000.0,142.00254177245347,124.25811360875872,27.096324273885386
1052000.0,142.48758345376172,126.96608159536733,15.86761904167251
1053000.0,141.76518584245392,125.24105132891263,15.327654792876528
1054000.0,142.48018259288486,119.64479534515641,12.603415236430374
1055000.0,143.03593871433728,123.17243757507333,19.039371584064046
1056000.0,143.94050775247482,124.58903665929307,14.61871676156539
1057000.0,141.36077361562835,121.31304242887694,19.54455391177659
1058000.0,143.39401090343958,122.13674740442823,8.058373065333232
1059000.0,143.98765152592966,123.9127837048036,25.55780361487218
1060000.0,145.00487828104926,125.84653122372691,25.026687801673937
1061000.0,141.222477551816,125.06196877709678,26.27425509967908
1062000.0,143.1016999037228,124.96963077695791,28.50695038239013
1063000.0,143.23517541494962,125.09306877969718,17.138280062981085
1064000.0,143.2580975581329,125.37005470263219,21.156007145352685
1065000.0,143.9728504485068,124.7615138759227,14.961153157579268
1066000.0,141.51901202205212,125.81815631098782,24.234130797422328
1067000.0,143.56247684068086,127.23181073424723,19.380005968873128
1068000.0,143.3645705482969,125.01552285321984,37.70130740503598
1069000.0,141.14289041206635,123.06475529138613,24.753606409811255
1070000.0,143.25761703969312,125.77140945232432,16.138894663824978
1071000.0,145.24981027115226,127.69884835385378,11.257459898784886
1072000.0,143.39336398132397,124.87029957561185,0.19836782659440394
1073000.0,142.84225006436216,126.9354672628008,31.731537326002204
1074000.0,144.67255318137285,126.87676950267107,22.485659752867083
1075000.0,142.92699950848535,126.47113417627466,32.94875973179929
1076000.0,143.05560970254683,129.28832811760665,25.27420777758659
1077000.0,143.6554873820078,125.35275264006147,26.970732302771832
1078000.0,142.3768175609486,125.5331049671045,23.877233458618356
1079000.0,141.76055621647393,125.17200656345322,26.3355434956741
1080000.0,141.51136923993647,125.3589492268004,12.791277258869961
1081000.0,141.8434391719528,127.0857673979872,29.95030419552829
1082000.0,143.20555100375682,125.69320816564523,32.5135653725261
1083000.0,142.09006150086148,124.8013381638509,14.140679758417104
1084000.0,144.19867883704168,124.38518935420777,7.127097420176736
1085000.0,142.70643709996497,126.94006468354281,19.24262398462545
1086000.0,141.9043588066025,126.41516320510858,16.70050122936993
1087000.0,141.21845989212477,126.91215294182754,28.70948268653126
1088000.0,143.83511530633868,123.98785461817137,20.854496841046892
1089000.0,143.16224160782636,124.8886161393647,34.358391948538625
1090000.0,145.1507718142193,127.5025380335634,18.014661226589116
1091000.0,142.00406553480263,125.63405950735246,33.638385257239925
1092000.0,141.90337489116646,125.86850636349685,33.31821091848728
1093000.0,144.05878258950378,124.5242479349863,9.763100382942831
1094000.0,141.46337593279765,128.77039548253774,18.5283159645442
1095000.0,142.26091526430145,125.65201298476295,23.76863761264802
1096000.0,144.26504718320408,123.0176451690416,29.67647091042304
1097000.0,142.70162025030297,123.97835620425846,3.992525490602786
1098000.0,144.08705091330518,124.74816193765811,3.3010501497164495
1099000.0,145.6601498833541,124.93798319140998,12.979221411723438
1100000.0,143.47011746081625,120.30484850338978,19.117618750033287
1101000.0,145.3259524248382,127.096525622185,6.198756958930406
1102000.0,144.3337474495028,124.31208518668106,21.483086150802745
1103000.0,144.26463751349306,123.42998792734458,13.695038071075471
1104000.0,144.53753524262507,126.54947684706057,1.1302033635084718
1105000.0,145.78487533659873,125.80815108557687,10.527133525120083
1106000.0,144.31799951704156,126.89457827827907,18.72051196673869
1107000.0,144.81270320043396,124.99472320875665,14.444158983485666
1108000.0,142.52726683117814,126.56041757627354,23.891001848511756
1109000.0,143.0403500179314,125.27891511579762,6.468876447941727
1110000.0,141.2940387960001,124.55285939379523,22.644465437154125
1111000.0,141.31952403818426,124.84136930565053,30.324691112043585
1112000.0,142.88332397938623,124.76419887870004,13.102538710396665
1113000.0,141.90622767629725,126.99398732964674,30.051866355517365
1114000.0,143.08346102486266,127.001113691536,27.864358643567204
1115000.0,143.61945486408175,125.84282646133867,20.469993487657383
1116000.0,143.91376331732707,126.59655042817735,6.111029276851886
1117000.0,141.54090945656955,124.49284704309095,22.00227464992165
1118000.0,141.12653085627224,126.72558644710811,34.50840343616074
1119000.0,142.7207937412756,126.81245309573615,22.808756059682562
1120000.0,142.2140676949028,119.67859334336687,23.36638501777948
1121000.0,141.80097393075155,123.97650723226324,25.15183764160488
1122000.0,144.59161690276167,120.73087564130546,24.520423759213404
